n_feats,best_feats,best_mse
1,"('abs_wv_596_162',)",145.0000248024146
2,"('abs_wv_687_967', 'abs_wv_552_075')",154.91359654336065
3,"('abs_wv_627_801', 'abs_wv_580_083', 'abs_wv_555_187')",57.75105825188447
4,"('abs_wv_609_129', 'abs_wv_580_083', 'abs_wv_552_075', 'abs_wv_744_502')",59.19357567049356
5,"('abs_wv_652_178', 'abs_wv_580_083', 'abs_wv_727_386', 'abs_wv_552_075', 'abs_wv_744_502')",14.626361216988663
6,"('abs_wv_596_162', 'abs_wv_573_34', 'abs_wv_727_386', 'abs_wv_555_187', 'abs_wv_552_075', 'abs_wv_744_502')",2.9279742966429114
7,"('abs_wv_687_967', 'abs_wv_573_34', 'abs_wv_727_386', 'abs_wv_562_967', 'abs_wv_555_187', 'abs_wv_552_075', 'abs_wv_744_502')",0.1261134493195656
8,"('abs_wv_652_178', 'abs_wv_627_801', 'abs_wv_687_967', 'abs_wv_596_162', 'abs_wv_587_344', 'abs_wv_573_34', 'abs_wv_562_967', 'abs_wv_552_075')",5.826029992368333e-10
