n_feats,count,min_val,q1,median,q3,max_val,p-value,median_fold_reduction
1,10,106.82956058048606,111.94615991393943,125.51419489583364,135.77493158328616,158.8255181015493,,
2,10,135.83012170414926,139.08744086769963,139.9900575755628,140.7999305513336,141.5498005888679,0.9843954936141299,0.8965936372165897
3,10,75.3348541703233,85.40413114514459,94.7690962438832,116.79263941565739,146.9639935571826,0.01056696406458055,1.3244211443446667
4,10,96.08434637834493,108.69620855111661,155.7874572814991,177.24925204495963,296.9067182512371,0.8462552716906593,0.8056758681736272
5,10,52.975493166146904,61.78661323651902,79.2324985176903,95.15410046782132,131.37740366974472,0.0014136360455584039,1.5841251663647837
6,10,7.727888670520317,10.476228397756191,20.532744222150875,31.173424103777926,188.1635527568412,0.0014136360455584039,6.112879678325122
7,10,0.3362162706981836,1.1790961061172904,7.598813533979697,19.201837881153175,43.60448758451699,9.133589555477501e-05,16.517604272636834
